,date,label,latitude,longitude,xnorm,ynorm,bird
0,07/03/2024,"DJI_0157(M:1,F:0,O:0)",2.913613948,44.34325963,1,1,Males
5,08/02/2024,"DJI_0035(M:4,F:2,O:0)",3.89630007,45.94227595,5,2,Males
6,08/02/2024,"DJI_0035(M:4,F:2,O:0)",3.89630007,45.94227595,6,2,Males
7,08/02/2024,"DJI_0035(M:4,F:2,O:0)",3.89630007,45.94227595,6,2,Males
8,08/02/2024,"DJI_0035(M:4,F:2,O:0)",3.89630007,45.94227595,6,2,Males
10,08/12/2023,"DJI_0334(M:2,F:0,O:0)",5.125521453,51.25168595,6,4,Males
11,08/12/2023,"DJI_0334(M:2,F:0,O:0)",5.125521453,51.25168595,6,4,Males
12,08/12/2023,"DJI_0337(M:13,F:2,O:0)",5.12840633,48.98814407,6,4,Males
13,08/12/2023,"DJI_0337(M:13,F:2,O:0)",5.12840633,48.98814407,6,4,Males
14,08/12/2023,"DJI_0337(M:13,F:2,O:0)",5.12840633,48.98814407,6,4,Males
15,08/12/2023,"DJI_0337(M:13,F:2,O:0)",5.12840633,48.98814407,6,4,Males
16,08/12/2023,"DJI_0337(M:13,F:2,O:0)",5.12840633,48.98814407,6,4,Males
17,08/12/2023,"DJI_0337(M:13,F:2,O:0)",5.12840633,48.98814407,6,4,Males
18,08/12/2023,"DJI_0337(M:13,F:2,O:0)",5.12840633,48.98814407,6,4,Males
19,08/12/2023,"DJI_0337(M:13,F:2,O:0)",5.12840633,48.98814407,6,4,Males
20,08/12/2023,"DJI_0337(M:13,F:2,O:0)",5.12840633,48.98814407,6,4,Males
21,08/12/2023,"DJI_0337(M:13,F:2,O:0)",5.12840633,48.98814407,6,4,Males
22,08/12/2023,"DJI_0337(M:13,F:2,O:0)",5.12840633,48.98814407,6,4,Males
23,08/12/2023,"DJI_0337(M:13,F:2,O:0)",5.12840633,48.98814407,6,4,Males
24,08/12/2023,"DJI_0337(M:13,F:2,O:0)",5.12840633,48.98814407,6,4,Males
221,08/12/2023,"DJI_0337(M:13,F:2,O:0)",5.12840633,48.98814407,6,4,Females
222,08/12/2023,"DJI_0337(M:13,F:2,O:0)",5.12840633,48.98814407,6,4,Females
25,08/12/2023,"DJI_0339(M:2,F:0,O:0)",5.121426596,47.47937256,6,4,Males
26,08/12/2023,"DJI_0339(M:2,F:0,O:0)",5.121426596,47.47937256,6,4,Males
29,11/01/2024,"DJI_0544(M:4,F:0,O:0)",5.823628934,47.39805788,6,4,Males
30,11/01/2024,"DJI_0544(M:4,F:0,O:0)",5.823628934,47.39805788,6,4,Males
31,11/01/2024,"DJI_0544(M:4,F:0,O:0)",5.823628934,47.39805788,6,4,Males
32,11/01/2024,"DJI_0544(M:4,F:0,O:0)",5.823628934,47.39805788,6,4,Males
33,11/01/2024,"DJI_0548(M:1,F:0,O:0)",5.829594502,45.09785827,6,4,Males
34,11/01/2024,"DJI_0550(M:1,F:0,O:0)",4.856554678,45.13532826,6,3,Males
35,11/01/2024,"DJI_0552(M:4,F:0,O:0)",4.845125827,46.42125917,6,3,Males
36,11/01/2024,"DJI_0552(M:4,F:0,O:0)",4.845125827,46.42125917,6,3,Males
37,11/01/2024,"DJI_0552(M:4,F:0,O:0)",4.845125827,46.42125917,6,3,Males
38,11/01/2024,"DJI_0552(M:4,F:0,O:0)",4.845125827,46.42125917,6,3,Males
39,11/01/2024,"DJI_0554(M:1,F:0,O:0)",4.838316996,47.64850213,6,3,Males
41,11/12/2023,"DJI_0375(M:1,F:1,O:0)",5.119971657,48.98845438,6,4,Males
224,11/12/2023,"DJI_0375(M:1,F:1,O:0)",5.119971657,48.98845438,6,4,Females
42,11/12/2023,"DJI_0376(M:2,F:0,O:0)",5.123398324,48.23458005,6,4,Males
43,11/12/2023,"DJI_0376(M:2,F:0,O:0)",5.123398324,48.23458005,6,4,Males
44,11/12/2023,"DJI_0377(M:1,F:1,O:0)",5.121472821,46.72332968,6,4,Males
225,11/12/2023,"DJI_0377(M:1,F:1,O:0)",5.121472821,46.72332968,6,4,Females
45,11/12/2023,"DJI_0378(M:8,F:1,O:0)",5.120322831,45.96964032,6,4,Males
46,11/12/2023,"DJI_0378(M:8,F:1,O:0)",5.120322831,45.96964032,6,4,Males
47,11/12/2023,"DJI_0378(M:8,F:1,O:0)",5.120322831,45.96964032,6,4,Males
48,11/12/2023,"DJI_0378(M:8,F:1,O:0)",5.120322831,45.96964032,6,4,Males
49,11/12/2023,"DJI_0378(M:8,F:1,O:0)",5.120322831,45.96964032,6,4,Males
50,11/12/2023,"DJI_0378(M:8,F:1,O:0)",5.120322831,45.96964032,6,4,Males
51,11/12/2023,"DJI_0378(M:8,F:1,O:0)",5.120322831,45.96964032,6,4,Males
54,12/02/2024,"DJI_0004(M:4,F:1,O:0)",5.80365897,50.5879311,6,4,Males
55,12/02/2024,"DJI_0004(M:4,F:1,O:0)",5.80365897,50.5879311,6,4,Males
56,12/02/2024,"DJI_0004(M:4,F:1,O:0)",5.80365897,50.5879311,6,4,Males
57,12/02/2024,"DJI_0004(M:4,F:1,O:0)",5.80365897,50.5879311,6,4,Males
228,12/02/2024,"DJI_0004(M:4,F:1,O:0)",5.80365897,50.5879311,6,4,Females
58,12/02/2024,"DJI_0005(M:2,F:0,O:0)",5.818969217,49.97692566,6,4,Males
59,12/02/2024,"DJI_0005(M:2,F:0,O:0)",5.818969217,49.97692566,6,4,Males
60,12/02/2024,"DJI_0006(M:2,F:1,O:0)",5.806533944,49.34044796,6,4,Males
61,12/02/2024,"DJI_0006(M:2,F:1,O:0)",5.806533944,49.34044796,6,4,Males
229,12/02/2024,"DJI_0006(M:2,F:1,O:0)",5.806533944,49.34044796,6,4,Females
62,12/02/2024,"DJI_0020(M:2,F:1,O:0)",4.825442237,48.01821122,6,3,Males
63,12/02/2024,"DJI_0020(M:2,F:1,O:0)",4.825442237,48.01821122,6,3,Males
230,12/02/2024,"DJI_0020(M:2,F:1,O:0)",4.825442237,48.01821122,6,3,Females
64,12/02/2024,"DJI_0022(M:7,F:2,O:0)",4.812612417,49.25942371,6,3,Males
65,12/02/2024,"DJI_0022(M:7,F:2,O:0)",4.812612417,49.25942371,6,3,Males
66,12/02/2024,"DJI_0022(M:7,F:2,O:0)",4.812612417,49.25942371,6,3,Males
67,12/02/2024,"DJI_0022(M:7,F:2,O:0)",4.812612417,49.25942371,6,3,Males
68,12/02/2024,"DJI_0022(M:7,F:2,O:0)",4.812612417,49.25942371,6,3,Males
69,12/02/2024,"DJI_0022(M:7,F:2,O:0)",4.812612417,49.25942371,6,3,Males
70,12/02/2024,"DJI_0022(M:7,F:2,O:0)",4.812612417,49.25942371,6,3,Males
231,12/02/2024,"DJI_0022(M:7,F:2,O:0)",4.812612417,49.25942371,6,3,Females
232,12/02/2024,"DJI_0022(M:7,F:2,O:0)",4.812612417,49.25942371,6,3,Females
71,12/02/2024,"DJI_0030(M:6,F:2,O:0)",3.902934319,49.05499434,3,2,Males
79,13/03/2024,"DJI_0030(M:2,F:0,O:0)",4.857338184,45.53849705,6,3,Males
80,13/03/2024,"DJI_0030(M:2,F:0,O:0)",4.857338184,45.53849705,6,3,Males
81,13/03/2024,"DJI_0047(M:1,F:0,O:0)",3.876027336,47.31245961,3,2,Males
82,13/03/2024,"DJI_0050(M:3,F:0,O:1)",3.888004035,45.44421684,6,2,Males
83,13/03/2024,"DJI_0050(M:3,F:0,O:1)",3.888004035,45.44421684,6,2,Males
84,13/03/2024,"DJI_0050(M:3,F:0,O:1)",3.888004035,45.44421684,6,2,Males
85,16/11/2023,"DJI_0006(M:1,F:0,O:0)",4.745664119,47.74602713,5,3,Males
282,16/11/2023,"DJI_0020(M:0,F:0,O:2)",4.142706674,46.79508872,6,3,Others
87,19/03/2024,"DJI_0004(M:2,F:1,O:0)",5.799230295,49.93692947,6,4,Males
88,19/03/2024,"DJI_0004(M:2,F:1,O:0)",5.799230295,49.93692947,6,4,Males
236,19/03/2024,"DJI_0004(M:2,F:1,O:0)",5.799230295,49.93692947,6,4,Females
349,19/03/2024,"DJI_0031(M:0,F:0,O:2)",3.87379144,48.13266615,6,2,Others
350,19/03/2024,"DJI_0031(M:0,F:0,O:2)",3.87379144,48.13266615,6,2,Others
91,19/03/2024,"DJI_0039(M:1,F:0,O:0)",2.933975385,43.12875153,1,1,Males
92,19/03/2024,"DJI_0059(M:1,F:0,O:0)",1.965416706,45.256938,1,0,Males
97,20/02/2024,"DJI_0675(M:1,F:0,O:0)",5.801453776,46.85918236,6,4,Males
98,20/02/2024,"DJI_0681(M:1,F:0,O:0)",4.870686011,45.78922616,6,3,Males
99,20/02/2024,"DJI_0703(M:3,F:0,O:0)",3.905672545,44.35018711,2,2,Males
100,20/02/2024,"DJI_0703(M:3,F:0,O:0)",3.905672545,44.35018711,2,2,Males
101,20/02/2024,"DJI_0703(M:3,F:0,O:0)",3.905672545,44.35018711,2,2,Males
102,20/02/2024,"DJI_0719(M:1,F:0,O:0)",1.936659812,49.63311292,1,0,Males
103,20/02/2024,"DJI_0720(M:5,F:2,O:0)",1.932219994,49.26603735,1,0,Males
104,20/02/2024,"DJI_0720(M:5,F:2,O:0)",1.932219994,49.26603735,1,0,Males
105,20/02/2024,"DJI_0720(M:5,F:2,O:0)",1.932219994,49.26603735,1,0,Males
106,20/02/2024,"DJI_0720(M:5,F:2,O:0)",1.932219994,49.26603735,1,0,Males
107,20/02/2024,"DJI_0720(M:5,F:2,O:0)",1.932219994,49.26603735,1,0,Males
238,20/02/2024,"DJI_0720(M:5,F:2,O:0)",1.932219994,49.26603735,1,0,Females
239,20/02/2024,"DJI_0720(M:5,F:2,O:0)",1.932219994,49.26603735,1,0,Females
108,20/02/2024,"DJI_0721(M:1,F:1,O:0)",1.946046447,48.643188,1,0,Males
111,20/11/2023,"DJI_0291(M:1,F:0,O:0)",5.122158456,52.00129696,6,4,Males
112,20/11/2023,"DJI_0293(M:1,F:0,O:0)",5.128525622,50.49406176,6,4,Males
113,20/11/2023,"DJI_0297(M:2,F:1,O:0)",5.123149915,47.47800501,6,4,Males
114,20/11/2023,"DJI_0297(M:2,F:1,O:0)",5.123149915,47.47800501,6,4,Males
241,20/11/2023,"DJI_0297(M:2,F:1,O:0)",5.123149915,47.47800501,6,4,Females
116,21/03/2024,"DJI_0010(M:1,F:1,O:0)",5.816991197,46.70131951,6,4,Males
242,21/03/2024,"DJI_0010(M:1,F:1,O:0)",5.816991197,46.70131951,6,4,Females
243,21/03/2024,"DJI_0011(M:0,F:1,O:0)",5.818981311,46.07803303,6,4,Females
117,21/03/2024,"DJI_0012(M:2,F:1,O:0)",5.823540231,45.45283572,6,4,Males
118,21/03/2024,"DJI_0012(M:2,F:1,O:0)",5.823540231,45.45283572,6,4,Males
244,21/03/2024,"DJI_0012(M:2,F:1,O:0)",5.823540231,45.45283572,6,4,Females
122,22/04/2024,"DJI_0026(M:1,F:0,O:0)",4.81704555,51.64737222,5,5,Males
123,25/03/2024,"DJI_0070(M:1,F:0,O:0)",5.81858009,49.38667642,6,4,Males
124,25/03/2024,"DJI_0084(M:2,F:1,O:0)",4.83981618,48.68978909,6,3,Males
125,25/03/2024,"DJI_0084(M:2,F:1,O:0)",4.83981618,48.68978909,6,3,Males
248,25/03/2024,"DJI_0084(M:2,F:1,O:0)",4.83981618,48.68978909,6,3,Females
126,25/03/2024,"DJI_0092(M:6,F:3,O:0)",3.87781875,49.91876154,3,2,Males
127,25/03/2024,"DJI_0092(M:6,F:3,O:0)",3.87781875,49.91876154,3,2,Males
128,25/03/2024,"DJI_0092(M:6,F:3,O:0)",3.87781875,49.91876154,3,2,Males
129,25/03/2024,"DJI_0092(M:6,F:3,O:0)",3.87781875,49.91876154,4,2,Males
130,25/03/2024,"DJI_0092(M:6,F:3,O:0)",3.87781875,49.91876154,4,2,Males
252,27/12/2023,"DJI_0423(M:0,F:1,O:0)",4.365269531,44.81207592,6,3,Females
132,27/12/2023,"DJI_0424(M:1,F:0,O:0)",4.363386305,45.88336636,6,3,Males
432,27/12/2023,"DJI_0434(M:0,F:0,O:1)",4.350471679,52.25341161,6,3,Others
133,27/12/2023,"DJI_0437(M:1,F:0,O:0)",3.410608796,50.33368711,1,2,Males
134,27/12/2023,"DJI_0440(M:1,F:0,O:0)",3.405829229,47.79601229,1,2,Males
135,27/12/2023,"DJI_0441(M:3,F:2,O:1)",3.405239906,47.1654535,1,2,Males
136,27/12/2023,"DJI_0441(M:3,F:2,O:1)",3.405239906,47.1654535,1,2,Males
137,27/12/2023,"DJI_0441(M:3,F:2,O:1)",3.405239906,47.1654535,1,2,Males
253,27/12/2023,"DJI_0441(M:3,F:2,O:1)",3.405239906,47.1654535,1,2,Females
254,27/12/2023,"DJI_0441(M:3,F:2,O:1)",3.405239906,47.1654535,1,2,Females
433,27/12/2023,"DJI_0441(M:3,F:2,O:1)",3.405239906,47.1654535,1,2,Others
138,27/12/2023,"DJI_0446(M:1,F:0,O:0)",3.401702397,44.24164095,6,2,Males
139,27/12/2023,"DJI_0455(M:11,F:3,O:0)",2.430640267,48.55647025,1,1,Males
140,27/12/2023,"DJI_0455(M:11,F:3,O:0)",2.430640267,48.55647025,1,1,Males
141,27/12/2023,"DJI_0455(M:11,F:3,O:0)",2.430640267,48.55647025,1,1,Males
142,27/12/2023,"DJI_0455(M:11,F:3,O:0)",2.430640267,48.55647025,1,1,Males
143,27/12/2023,"DJI_0455(M:11,F:3,O:0)",2.430640267,48.55647025,1,1,Males
144,27/12/2023,"DJI_0455(M:11,F:3,O:0)",2.430640267,48.55647025,1,1,Males
145,27/12/2023,"DJI_0455(M:11,F:3,O:0)",2.430640267,48.55647025,1,1,Males
146,27/12/2023,"DJI_0455(M:11,F:3,O:0)",2.430640267,48.55647025,1,1,Males
147,27/12/2023,"DJI_0455(M:11,F:3,O:0)",2.430640267,48.55647025,1,1,Males
148,27/12/2023,"DJI_0455(M:11,F:3,O:0)",2.430640267,48.55647025,1,1,Males
149,27/12/2023,"DJI_0455(M:11,F:3,O:0)",2.430640267,48.55647025,1,1,Males
255,27/12/2023,"DJI_0455(M:11,F:3,O:0)",2.430640267,48.55647025,1,1,Females
256,27/12/2023,"DJI_0455(M:11,F:3,O:0)",2.430640267,48.55647025,1,1,Females
257,27/12/2023,"DJI_0455(M:11,F:3,O:0)",2.430640267,48.55647025,1,1,Females
163,27/12/2023,"DJI_0471(M:1,F:1,O:1)",1.504590415,43.16273472,1,0,Males
263,27/12/2023,"DJI_0471(M:1,F:1,O:1)",1.504590415,43.16273472,1,0,Females
435,27/12/2023,"DJI_0471(M:1,F:1,O:1)",1.504590415,43.16273472,1,0,Others
264,27/12/2023,"DJI_0485(M:0,F:1,O:0)",5.313605287,45.41527879,5,4,Females
165,27/12/2023,"DJI_0503(M:8,F:1,O:0)",3.408963508,49.26213287,2,2,Males
166,27/12/2023,"DJI_0503(M:8,F:1,O:0)",3.408963508,49.26213287,2,2,Males
167,27/12/2023,"DJI_0503(M:8,F:1,O:0)",3.408963508,49.26213287,1,2,Males
168,27/12/2023,"DJI_0503(M:8,F:1,O:0)",3.408963508,49.26213287,1,2,Males
169,27/12/2023,"DJI_0503(M:8,F:1,O:0)",3.408963508,49.26213287,1,2,Males
170,27/12/2023,"DJI_0503(M:8,F:1,O:0)",3.408963508,49.26213287,1,2,Males
171,27/12/2023,"DJI_0503(M:8,F:1,O:0)",3.408963508,49.26213287,1,2,Males
172,27/12/2023,"DJI_0503(M:8,F:1,O:0)",3.408963508,49.26213287,1,2,Males
265,27/12/2023,"DJI_0503(M:8,F:1,O:0)",3.408963508,49.26213287,1,2,Females
173,27/12/2023,"DJI_0504(M:2,F:1,O:0)",3.405288376,48.62993768,1,2,Males
174,27/12/2023,"DJI_0504(M:2,F:1,O:0)",3.405288376,48.62993768,1,2,Males
193,30/01/2024,"DJI_0616(M:2,F:0,O:0)",4.850282899,45.67213939,6,3,Males
194,30/01/2024,"DJI_0616(M:2,F:0,O:0)",4.850282899,45.67213939,6,3,Males
195,30/01/2024,"DJI_0617(M:1,F:0,O:0)",4.836153745,46.30442052,6,3,Males
437,30/01/2024,"DJI_0621(M:0,F:0,O:1)",4.824205376,48.78707137,6,3,Others
196,30/01/2024,"DJI_0622(M:12,F:5,O:0)",4.822946532,49.40709668,6,3,Males
197,30/01/2024,"DJI_0622(M:12,F:5,O:0)",4.822946532,49.40709668,6,3,Males
198,30/01/2024,"DJI_0622(M:12,F:5,O:0)",4.822946532,49.40709668,6,3,Males
199,30/01/2024,"DJI_0622(M:12,F:5,O:0)",4.822946532,49.40709668,6,3,Males
200,30/01/2024,"DJI_0622(M:12,F:5,O:0)",4.822946532,49.40709668,6,3,Males
201,30/01/2024,"DJI_0622(M:12,F:5,O:0)",4.822946532,49.40709668,6,3,Males
202,30/01/2024,"DJI_0622(M:12,F:5,O:0)",4.822946532,49.40709668,6,3,Males
203,30/01/2024,"DJI_0622(M:12,F:5,O:0)",4.822946532,49.40709668,6,3,Males
204,30/01/2024,"DJI_0622(M:12,F:5,O:0)",4.822946532,49.40709668,6,3,Males
205,30/01/2024,"DJI_0622(M:12,F:5,O:0)",4.822946532,49.40709668,6,3,Males
206,30/01/2024,"DJI_0622(M:12,F:5,O:0)",4.822946532,49.40709668,6,3,Males
207,30/01/2024,"DJI_0622(M:12,F:5,O:0)",4.822946532,49.40709668,6,3,Males
270,30/01/2024,"DJI_0622(M:12,F:5,O:0)",4.822946532,49.40709668,6,3,Females
271,30/01/2024,"DJI_0622(M:12,F:5,O:0)",4.822946532,49.40709668,6,3,Females
272,30/01/2024,"DJI_0622(M:12,F:5,O:0)",4.822946532,49.40709668,6,3,Females
273,30/01/2024,"DJI_0622(M:12,F:5,O:0)",4.822946532,49.40709668,6,3,Females
274,30/01/2024,"DJI_0622(M:12,F:5,O:0)",4.822946532,49.40709668,6,3,Females
208,30/01/2024,"DJI_0628(M:2,F:0,O:0)",3.84788092,50.48865088,6,2,Males
209,30/01/2024,"DJI_0628(M:2,F:0,O:0)",3.84788092,50.48865088,4,2,Males
438,30/01/2024,"DJI_0631(M:0,F:0,O:1)",3.889346139,48.62764601,5,2,Others
210,30/01/2024,"DJI_0635(M:1,F:0,O:0)",3.893956984,46.1363922,6,2,Males
219,08/02/2024,"DJI_0035(M:4,F:2,O:0)",3.89630007,45.94227595,6,2,Females
220,08/02/2024,"DJI_0035(M:4,F:2,O:0)",3.89630007,45.94227595,6,2,Females
9,08/02/2024,"DJI_0042(M:1,F:0,O:0)",2.921266411,44.40663438,2,1,Males
27,08/12/2023,"DJI_0343(M:1,F:1,O:0)",3.96745758,46.83598683,6,3,Males
223,08/12/2023,"DJI_0343(M:1,F:1,O:0)",3.96745758,46.83598683,6,3,Females
28,08/12/2023,"DJI_0345(M:1,F:0,O:0)",3.971160986,48.34786892,6,3,Males
52,11/12/2023,"DJI_0378(M:8,F:1,O:0)",5.120322831,45.96964032,6,4,Males
226,11/12/2023,"DJI_0378(M:8,F:1,O:0)",5.120322831,45.96964032,6,4,Females
53,11/12/2023,"DJI_0405(M:1,F:1,O:0)",1.658897757,46.93418822,6,0,Males
227,11/12/2023,"DJI_0405(M:1,F:1,O:0)",1.658897757,46.93418822,1,0,Females
77,12/02/2024,"DJI_0047(M:1,F:1,O:0)",2.892599305,48.08698766,2,1,Males
235,12/02/2024,"DJI_0047(M:1,F:1,O:0)",2.892599305,48.08698766,2,1,Females
78,12/02/2024,"DJI_0058(M:1,F:0,O:0)",1.963761605,45.85072435,1,0,Males
93,19/03/2024,"DJI_0060(M:2,F:0,O:0)",1.971670145,44.63371519,1,0,Males
94,19/03/2024,"DJI_0060(M:2,F:0,O:0)",1.971670145,44.63371519,1,0,Males
240,20/02/2024,"DJI_0721(M:1,F:1,O:0)",1.946046447,48.643188,1,0,Females
109,20/02/2024,"DJI_0729(M:2,F:0,O:0)",1.970392537,43.42539997,1,0,Males
110,20/02/2024,"DJI_0729(M:2,F:0,O:0)",1.970392537,43.42539997,1,0,Males
115,20/11/2023,"DJI_0311(M:1,F:0,O:1)",3.971276847,52.00448781,5,4,Males
245,21/03/2024,"DJI_0014(M:0,F:1,O:0)",4.863942069,44.45031148,5,3,Females
119,21/03/2024,"DJI_0035(M:1,F:0,O:0)",3.896456377,46.02934411,5,2,Males
120,21/03/2024,"DJI_0038(M:1,F:1,O:0)",3.903711367,44.15450775,5,1,Males
246,21/03/2024,"DJI_0038(M:1,F:1,O:0)",3.903711367,44.15450775,5,1,Females
355,21/03/2024,"DJI_0042(M:0,F:0,O:1)",2.924142503,45.01176129,1,1,Others
357,23/10/2023,"DJI_0005(M:0,F:0,O:1)",4.722496038,48.48033295,6,4,Others
131,25/03/2024,"DJI_0092(M:6,F:3,O:0)",3.87781875,49.91876154,4,2,Males
249,25/03/2024,"DJI_0092(M:6,F:3,O:0)",3.87781875,49.91876154,4,2,Females
250,25/03/2024,"DJI_0092(M:6,F:3,O:0)",3.87781875,49.91876154,3,2,Females
251,25/03/2024,"DJI_0092(M:6,F:3,O:0)",3.87781875,49.91876154,3,2,Females
266,27/12/2023,"DJI_0504(M:2,F:1,O:0)",3.405288376,48.62993768,1,2,Females
267,27/12/2023,"DJI_0505(M:0,F:1,O:0)",3.403725701,47.99670446,2,2,Females
175,27/12/2023,"DJI_0506(M:2,F:0,O:0)",3.405102218,46.73317624,1,2,Males
176,27/12/2023,"DJI_0506(M:2,F:0,O:0)",3.405102218,46.73317624,2,2,Males
177,27/12/2023,"DJI_0507(M:3,F:0,O:0)",3.402694055,46.10048629,1,2,Males
178,27/12/2023,"DJI_0507(M:3,F:0,O:0)",3.402694055,46.10048629,1,2,Males
179,27/12/2023,"DJI_0507(M:3,F:0,O:0)",3.402694055,46.10048629,1,2,Males
180,27/12/2023,"DJI_0508(M:1,F:0,O:1)",3.402756161,45.47107014,1,2,Males
436,27/12/2023,"DJI_0508(M:1,F:0,O:1)",3.402756161,45.47107014,1,2,Others
181,27/12/2023,"DJI_0509(M:1,F:0,O:0)",3.401771632,44.83776111,1,2,Males
182,27/12/2023,"DJI_0510(M:2,F:0,O:0)",3.396218092,44.24229087,1,2,Males
183,27/12/2023,"DJI_0510(M:2,F:0,O:0)",3.396218092,44.24229087,2,2,Males
268,27/12/2023,"DJI_0526(M:0,F:1,O:0)",1.482525583,49.27897516,1,0,Females
184,27/12/2023,"DJI_0527(M:4,F:1,O:0)",1.487937535,48.63152629,1,0,Males
185,27/12/2023,"DJI_0527(M:4,F:1,O:0)",1.487937535,48.63152629,1,0,Males
186,27/12/2023,"DJI_0527(M:4,F:1,O:0)",1.487937535,48.63152629,1,0,Males
187,27/12/2023,"DJI_0527(M:4,F:1,O:0)",1.487937535,48.63152629,1,0,Males
269,27/12/2023,"DJI_0527(M:4,F:1,O:0)",1.487937535,48.63152629,1,0,Females
275,30/01/2024,"DJI_0646(M:0,F:1,O:0)",2.908198195,46.92374864,1,1,Females
211,30/01/2024,"DJI_0649(M:2,F:1,O:0)",2.895514468,48.78514816,2,1,Males
212,30/01/2024,"DJI_0649(M:2,F:1,O:0)",2.895514468,48.78514816,5,1,Males
276,30/01/2024,"DJI_0649(M:2,F:1,O:0)",2.895514468,48.78514816,4,1,Females
213,30/01/2024,"DJI_0650(M:4,F:1,O:0)",2.890065579,49.40632825,2,1,Males
214,30/01/2024,"DJI_0650(M:4,F:1,O:0)",2.890065579,49.40632825,2,1,Males
215,30/01/2024,"DJI_0650(M:4,F:1,O:0)",2.890065579,49.40632825,2,1,Males
216,30/01/2024,"DJI_0650(M:4,F:1,O:0)",2.890065579,49.40632825,2,1,Males
277,30/01/2024,"DJI_0650(M:4,F:1,O:0)",2.890065579,49.40632825,2,1,Females
279,06/05/2024,"DJI_0178(M:0,F:0,O:1)",2.898761961,46.97604565,2,1,Others
280,13/03/2024,"DJI_0050(M:3,F:0,O:1)",3.888004035,45.44421684,6,2,Others
281,13/03/2024,"DJI_0051(M:0,F:0,O:1)",3.889397305,44.82178696,2,2,Others
283,16/11/2023,"DJI_0020(M:0,F:0,O:2)",4.142706674,46.79508872,5,3,Others
284,16/11/2023,"DJI_0022(M:0,F:0,O:1)",4.141362155,47.55560871,6,3,Others
285,16/11/2023,"DJI_0023(M:0,F:0,O:2)",4.138795493,47.92913789,6,3,Others
286,16/11/2023,"DJI_0023(M:0,F:0,O:2)",4.138795493,47.92913789,5,3,Others
287,16/11/2023,"DJI_0035(M:0,F:0,O:1)",3.558211458,48.19926371,5,2,Others
288,16/11/2023,"DJI_0040(M:0,F:0,O:1)",3.563970024,46.31578497,5,2,Others
289,16/11/2023,"DJI_0042(M:0,F:0,O:1)",3.574825668,45.55920688,2,2,Others
290,16/11/2023,"DJI_0044(M:0,F:0,O:1)",3.563063862,44.80742785,1,2,Others
291,16/11/2023,"DJI_0050(M:0,F:0,O:1)",2.985512953,45.00544403,1,1,Others
292,16/11/2023,"DJI_0072(M:0,F:0,O:1)",2.410409591,46.41212363,2,1,Others
293,16/11/2023,"DJI_0086(M:0,F:0,O:5)",4.716193536,48.48252577,6,3,Others
294,16/11/2023,"DJI_0086(M:0,F:0,O:5)",4.716193536,48.48252577,5,3,Others
295,16/11/2023,"DJI_0086(M:0,F:0,O:5)",4.716193536,48.48252577,5,3,Others
296,16/11/2023,"DJI_0086(M:0,F:0,O:5)",4.716193536,48.48252577,5,3,Others
297,16/11/2023,"DJI_0086(M:0,F:0,O:5)",4.716193536,48.48252577,5,3,Others
298,16/11/2023,"DJI_0088(M:0,F:0,O:2)",4.713092807,47.72846952,5,3,Others
299,16/11/2023,"DJI_0088(M:0,F:0,O:2)",4.713092807,47.72846952,5,3,Others
300,16/11/2023,"DJI_0089(M:0,F:0,O:1)",4.714824084,47.35292238,5,3,Others
301,16/11/2023,"DJI_0095(M:0,F:0,O:3)",4.721984915,45.08624263,5,3,Others
302,16/11/2023,"DJI_0095(M:0,F:0,O:3)",4.721984915,45.08624263,5,3,Others
303,16/11/2023,"DJI_0095(M:0,F:0,O:3)",4.721984915,45.08624263,5,3,Others
304,16/11/2023,"DJI_0098(M:0,F:0,O:1)",4.141696922,45.29319684,5,3,Others
305,16/11/2023,"DJI_0102(M:0,F:0,O:1)",4.136822111,46.79426902,5,3,Others
306,16/11/2023,"DJI_0105(M:0,F:0,O:2)",4.136728009,47.92669341,6,3,Others
307,16/11/2023,"DJI_0105(M:0,F:0,O:2)",4.136728009,47.92669341,6,3,Others
308,16/11/2023,"DJI_0107(M:0,F:0,O:2)",4.135248539,48.67787359,5,3,Others
309,16/11/2023,"DJI_0107(M:0,F:0,O:2)",4.135248539,48.67787359,6,3,Others
310,16/11/2023,"DJI_0111(M:0,F:0,O:1)",4.141587473,50.19468559,5,3,Others
313,16/11/2023,"DJI_0126(M:0,F:0,O:2)",3.569951215,45.18353998,1,2,Others
314,16/11/2023,"DJI_0126(M:0,F:0,O:2)",3.569951215,45.18353998,4,2,Others
315,16/11/2023,"DJI_0132(M:0,F:0,O:2)",2.987312079,45.00465463,1,1,Others
316,16/11/2023,"DJI_0132(M:0,F:0,O:2)",2.987312079,45.00465463,1,1,Others
317,16/11/2023,"DJI_0140(M:0,F:0,O:1)",2.983660304,48.01689633,2,1,Others
318,16/11/2023,"DJI_0151(M:0,F:0,O:1)",2.412553776,47.53932498,2,1,Others
319,16/11/2023,"DJI_0154(M:0,F:0,O:1)",2.413352873,46.40634115,2,1,Others
320,16/11/2023,"DJI_0170(M:0,F:0,O:4)",4.708791706,48.10222613,6,3,Others
321,16/11/2023,"DJI_0170(M:0,F:0,O:4)",4.708791706,48.10222613,6,3,Others
322,16/11/2023,"DJI_0170(M:0,F:0,O:4)",4.708791706,48.10222613,5,3,Others
323,16/11/2023,"DJI_0170(M:0,F:0,O:4)",4.708791706,48.10222613,5,3,Others
324,16/11/2023,"DJI_0171(M:0,F:0,O:1)",4.710831262,47.72771096,5,3,Others
325,16/11/2023,"DJI_0172(M:0,F:0,O:1)",4.711172757,47.34816026,5,3,Others
326,16/11/2023,"DJI_0185(M:0,F:0,O:3)",4.133241159,47.16362433,5,3,Others
327,16/11/2023,"DJI_0185(M:0,F:0,O:3)",4.133241159,47.16362433,5,3,Others
328,16/11/2023,"DJI_0185(M:0,F:0,O:3)",4.133241159,47.16362433,6,3,Others
329,16/11/2023,"DJI_0189(M:0,F:0,O:4)",4.148475677,48.68601563,5,3,Others
330,16/11/2023,"DJI_0189(M:0,F:0,O:4)",4.148475677,48.68601563,5,3,Others
331,16/11/2023,"DJI_0189(M:0,F:0,O:4)",4.148475677,48.68601563,5,3,Others
332,16/11/2023,"DJI_0189(M:0,F:0,O:4)",4.148475677,48.68601563,6,3,Others
333,16/11/2023,"DJI_0197(M:0,F:0,O:5)",3.567352779,48.57805532,1,2,Others
334,16/11/2023,"DJI_0197(M:0,F:0,O:5)",3.567352779,48.57805532,2,2,Others
335,16/11/2023,"DJI_0197(M:0,F:0,O:5)",3.567352779,48.57805532,5,2,Others
336,16/11/2023,"DJI_0197(M:0,F:0,O:5)",3.567352779,48.57805532,5,2,Others
337,16/11/2023,"DJI_0197(M:0,F:0,O:5)",3.567352779,48.57805532,6,2,Others
338,16/11/2023,"DJI_0200(M:0,F:0,O:1)",3.565510805,47.4494652,6,2,Others
339,16/11/2023,"DJI_0203(M:0,F:0,O:1)",3.563772421,46.31440985,5,2,Others
340,16/11/2023,"DJI_0205(M:0,F:0,O:3)",3.567891453,45.56317761,1,2,Others
341,16/11/2023,"DJI_0205(M:0,F:0,O:3)",3.567891453,45.56317761,1,2,Others
342,16/11/2023,"DJI_0205(M:0,F:0,O:3)",3.567891453,45.56317761,2,2,Others
343,16/11/2023,"DJI_0214(M:0,F:0,O:2)",2.991483191,45.76054236,2,1,Others
344,16/11/2023,"DJI_0214(M:0,F:0,O:2)",2.991483191,45.76054236,2,1,Others
345,16/11/2023,"DJI_0223(M:0,F:0,O:1)",2.990151724,49.15456294,2,1,Others
346,16/11/2023,"DJI_0227(M:0,F:0,O:1)",2.411650563,48.66702969,2,1,Others
347,16/11/2023,"DJI_0238(M:0,F:0,O:1)",2.409832786,44.51937434,1,1,Others
348,16/11/2023,"DJI_0277(M:0,F:0,O:1)",2.3544181,49.56432591,1,1,Others
86,16/11/2023,"DJI_0289(M:1,F:0,O:0)",1.193970506,42.83501003,1,0,Males
95,19/03/2024,"DJI_0061(M:1,F:0,O:0)",1.97372242,44.01050704,1,0,Males
96,19/03/2024,"DJI_0062(M:1,F:0,O:0)",1.979034358,43.39237182,1,0,Males
351,20/02/2024,"DJI_0731(M:0,F:0,O:3)",1.974984315,42.50681249,1,0,Others
352,20/02/2024,"DJI_0731(M:0,F:0,O:3)",1.974984315,42.50681249,1,0,Others
353,20/02/2024,"DJI_0731(M:0,F:0,O:3)",1.974984315,42.50681249,1,0,Others
354,20/11/2023,"DJI_0311(M:1,F:0,O:1)",3.971276847,52.00448781,5,4,Others
356,21/03/2024,"DJI_0044(M:0,F:0,O:1)",2.923197537,46.25298943,1,1,Others
121,21/03/2024,"DJI_0061(M:1,F:0,O:0)",1.968539252,44.27134566,1,0,Males
358,23/10/2023,"DJI_0006(M:0,F:0,O:1)",4.745664119,47.74602713,6,4,Others
359,23/10/2023,"DJI_0020(M:0,F:0,O:2)",4.142706674,46.79508872,5,3,Others
360,23/10/2023,"DJI_0020(M:0,F:0,O:2)",4.142706674,46.79508872,6,3,Others
361,23/10/2023,"DJI_0022(M:0,F:0,O:3)",4.141362155,47.55560871,6,3,Others
362,23/10/2023,"DJI_0022(M:0,F:0,O:3)",4.141362155,47.55560871,6,3,Others
363,23/10/2023,"DJI_0022(M:0,F:0,O:3)",4.141362155,47.55560871,6,3,Others
364,23/10/2023,"DJI_0034(M:0,F:0,O:1)",3.564791549,48.57804522,5,2,Others
365,23/10/2023,"DJI_0040(M:0,F:0,O:2)",3.563970024,46.31578497,5,2,Others
366,23/10/2023,"DJI_0040(M:0,F:0,O:2)",3.563970024,46.31578497,6,2,Others
367,23/10/2023,"DJI_0042(M:0,F:0,O:1)",3.574825668,45.55920688,2,2,Others
368,23/10/2023,"DJI_0049(M:0,F:0,O:1)",3.001053549,44.63298116,1,1,Others
369,23/10/2023,"DJI_0071(M:0,F:0,O:1)",2.416050181,46.78360806,1,0,Others
370,23/10/2023,"DJI_0086(M:0,F:0,O:5)",4.716193536,48.48252577,5,4,Others
371,23/10/2023,"DJI_0086(M:0,F:0,O:5)",4.716193536,48.48252577,5,4,Others
372,23/10/2023,"DJI_0086(M:0,F:0,O:5)",4.716193536,48.48252577,5,4,Others
373,23/10/2023,"DJI_0086(M:0,F:0,O:5)",4.716193536,48.48252577,5,4,Others
374,23/10/2023,"DJI_0086(M:0,F:0,O:5)",4.716193536,48.48252577,6,4,Others
375,23/10/2023,"DJI_0088(M:0,F:0,O:1)",4.713092807,47.72846952,5,4,Others
376,23/10/2023,"DJI_0090(M:0,F:0,O:1)",4.714239232,46.97461743,5,4,Others
377,23/10/2023,"DJI_0095(M:0,F:0,O:3)",4.721984915,45.08624263,5,4,Others
378,23/10/2023,"DJI_0095(M:0,F:0,O:3)",4.721984915,45.08624263,5,4,Others
379,23/10/2023,"DJI_0095(M:0,F:0,O:3)",4.721984915,45.08624263,5,4,Others
380,23/10/2023,"DJI_0101(M:0,F:0,O:1)",4.141880264,46.42259253,4,3,Others
381,23/10/2023,"DJI_0102(M:0,F:0,O:1)",4.136822111,46.79426902,5,3,Others
382,23/10/2023,"DJI_0103(M:0,F:0,O:2)",4.140179442,47.17445901,5,3,Others
383,23/10/2023,"DJI_0103(M:0,F:0,O:2)",4.140179442,47.17445901,6,3,Others
384,23/10/2023,"DJI_0106(M:0,F:0,O:3)",4.140220781,48.30818018,5,3,Others
385,23/10/2023,"DJI_0106(M:0,F:0,O:3)",4.140220781,48.30818018,6,3,Others
386,23/10/2023,"DJI_0106(M:0,F:0,O:3)",4.140220781,48.30818018,6,3,Others
392,23/10/2023,"DJI_0118(M:0,F:0,O:5)",3.56313228,48.20289076,2,2,Others
397,23/10/2023,"DJI_0122(M:0,F:0,O:1)",3.568763618,46.69215434,4,2,Others
398,23/10/2023,"DJI_0126(M:0,F:0,O:2)",3.569951215,45.18353998,4,2,Others
399,23/10/2023,"DJI_0126(M:0,F:0,O:2)",3.569951215,45.18353998,1,2,Others
400,23/10/2023,"DJI_0128(M:0,F:0,O:1)",3.565317685,44.4261043,4,2,Others
401,23/10/2023,"DJI_0131(M:0,F:0,O:2)",2.985952495,44.62875172,1,1,Others
402,23/10/2023,"DJI_0131(M:0,F:0,O:2)",2.985952495,44.62875172,1,1,Others
403,23/10/2023,"DJI_0134(M:0,F:0,O:1)",2.988984122,45.76061059,1,1,Others
404,23/10/2023,"DJI_0140(M:0,F:0,O:1)",2.983660304,48.01689633,2,1,Others
405,23/10/2023,"DJI_0150(M:0,F:0,O:1)",2.406640032,47.91410598,2,0,Others
406,23/10/2023,"DJI_0169(M:0,F:0,O:3)",4.713238117,48.48346678,6,4,Others
407,23/10/2023,"DJI_0169(M:0,F:0,O:3)",4.713238117,48.48346678,6,4,Others
408,23/10/2023,"DJI_0169(M:0,F:0,O:3)",4.713238117,48.48346678,5,4,Others
409,23/10/2023,"DJI_0171(M:0,F:0,O:2)",4.710831262,47.72771096,5,4,Others
410,23/10/2023,"DJI_0171(M:0,F:0,O:2)",4.710831262,47.72771096,5,4,Others
411,23/10/2023,"DJI_0185(M:0,F:0,O:3)",4.133241159,47.16362433,5,3,Others
412,23/10/2023,"DJI_0185(M:0,F:0,O:3)",4.133241159,47.16362433,5,3,Others
413,23/10/2023,"DJI_0185(M:0,F:0,O:3)",4.133241159,47.16362433,6,3,Others
416,23/10/2023,"DJI_0188(M:0,F:0,O:4)",4.134457489,48.29641309,5,3,Others
417,23/10/2023,"DJI_0188(M:0,F:0,O:4)",4.134457489,48.29641309,5,3,Others
418,23/10/2023,"DJI_0188(M:0,F:0,O:4)",4.134457489,48.29641309,5,3,Others
419,23/10/2023,"DJI_0188(M:0,F:0,O:4)",4.134457489,48.29641309,6,3,Others
420,23/10/2023,"DJI_0197(M:0,F:0,O:5)",3.567352779,48.57805532,1,2,Others
421,23/10/2023,"DJI_0197(M:0,F:0,O:5)",3.567352779,48.57805532,2,2,Others
425,23/10/2023,"DJI_0205(M:0,F:0,O:3)",3.567891453,45.56317761,1,2,Others
426,23/10/2023,"DJI_0205(M:0,F:0,O:3)",3.567891453,45.56317761,1,2,Others
427,23/10/2023,"DJI_0205(M:0,F:0,O:3)",3.567891453,45.56317761,2,2,Others
428,23/10/2023,"DJI_0214(M:0,F:0,O:2)",2.991483191,45.76054236,2,1,Others
429,23/10/2023,"DJI_0214(M:0,F:0,O:2)",2.991483191,45.76054236,2,1,Others
430,23/10/2023,"DJI_0219(M:0,F:0,O:1)",2.987809791,47.64198343,5,1,Others
431,23/10/2023,"DJI_0222(M:0,F:0,O:1)",2.989844317,48.77322929,1,1,Others
188,27/12/2023,"DJI_0528(M:2,F:0,O:0)",1.490639203,48.00205808,1,0,Males
189,27/12/2023,"DJI_0528(M:2,F:0,O:0)",1.490639203,48.00205808,1,0,Males
190,27/12/2023,"DJI_0529(M:1,F:0,O:0)",1.487471463,47.36792833,1,0,Males
191,27/12/2023,"DJI_0530(M:1,F:0,O:0)",1.487454218,46.73487299,1,0,Males
192,27/12/2023,"DJI_0535(M:1,F:0,O:0)",1.484523254,43.57019417,1,0,Males
217,30/01/2024,"DJI_0657(M:1,F:1,O:0)",1.952992687,47.38506979,1,0,Males
278,30/01/2024,"DJI_0657(M:1,F:1,O:0)",1.952992687,47.38506979,1,0,Females
